(Do Not Modify) Country,(Do Not Modify) Row Checksum,(Do Not Modify) Modified On,Name,Created On,Owner,Record Created On,Status,Status Reason
9cd15033-f73c-e811-813c-480fcfea5041,uxyXE9HmR9UOte2hLqmYdZQzmqJs80JaKHWl7j9QgdcE6pMSZgxq34xeQfKdGik+NQmtvFbWu8dE3ACdHLhs8A==,2018-04-10 19:41,Afghanistan,2018-04-10 13:41,Jon Lam,,Active,Active
9ed15033-f73c-e811-813c-480fcfea5041,a0PvaRN3GCueW0TYuSmNazC9WPm9ujbazRXnrBIA73U7rkkLMhzmjILWDiyZ5KX1dgjoWZP3yl0tFK0b/HLDhQ==,2018-04-10 19:41,Albania,2018-04-10 13:41,Jon Lam,,Active,Active
a0d15033-f73c-e811-813c-480fcfea5041,BBPqLK3BSm5qTVCUipCWhL2PI6jBF5/aEBGG2ctK94ty4suhxQ8dN4+UgfWoILWiUpAyOVsn5WndXvdWLwosXA==,2018-04-10 19:41,Algeria,2018-04-10 13:41,Jon Lam,,Active,Active
a2d15033-f73c-e811-813c-480fcfea5041,q/oT/owm/n2qlsUg8+OwiG/U2XwyUG+SAbMPR2sOqmobmbplM/e0rDrUXR46BrThNuH/QExjd2nBK6/K8DsHkw==,2018-04-10 19:41,Andorra,2018-04-10 13:41,Jon Lam,,Active,Active
a4d15033-f73c-e811-813c-480fcfea5041,PDSYuuFg3pNCNvPr/EIoiIQis2KZN7vqxSL4gjKILAqB3UakblhOEDGyfzeUrMfL5RthwHRDpq/qZErmfww7Fw==,2018-04-10 19:41,Angola,2018-04-10 13:41,Jon Lam,,Active,Active
a6d15033-f73c-e811-813c-480fcfea5041,stJ29jhAGEP6NtkU/pliE6bAxeI/vAW3nSfevkNTKNpiNPUnu5tQF/ZurWMDnxgJV8am5DDfvXXYKh5JrqFAqw==,2018-04-10 19:41,Anguilla,2018-04-10 13:41,Jon Lam,,Active,Active
a8d15033-f73c-e811-813c-480fcfea5041,6zWWlli3v+u+UrZW7jcSMfj0tqI/2yhnlAgGsSXjBWQ8Nj/qq4sHhToKk2+Vm0MgOQhvzO+yWpwI9HRJyCJgbA==,2018-04-10 19:41,Antarctica,2018-04-10 13:41,Jon Lam,,Active,Active
aad15033-f73c-e811-813c-480fcfea5041,osUJ7mhvL39B2B244eMQai/Aqf1MQvu5T6cJ7cIJJiCAIbJa8Dew28Cq4ZMZnoHWMwrFWRbmwybeXEJz1KJ0hA==,2018-04-10 19:41,Antigua and Barbuda,2018-04-10 13:41,Jon Lam,,Active,Active
acd15033-f73c-e811-813c-480fcfea5041,p2cOifpQE+pJGZ2C5tFBO/32s9GyCqK2aSQrpY7sgxrs/RuXYcwgeAaT4HlYdsJet+5nbBv38RyCVT3KvXQA0w==,2018-04-10 19:41,Argentina,2018-04-10 13:41,Jon Lam,,Active,Active
aed15033-f73c-e811-813c-480fcfea5041,qT+yhu4AihK/azOzHvUrYRdBIqqD30Ckcs5h6WTXuKZwvp1QYi5G/4mPHfa28nr1hJdQ4gNkG9MGs+5DheV0CQ==,2018-04-10 19:41,Armenia,2018-04-10 13:41,Jon Lam,,Active,Active
b0d15033-f73c-e811-813c-480fcfea5041,VM8YG58w1FtgWx6/3KyYD5YoRxWWq520ljFh+g6qCPfq5klBBOOVWHHVjdH2D7raL7s6kr3DxBCMqaDx+5iBhA==,2018-04-10 19:41,Australia,2018-04-10 13:41,Jon Lam,,Active,Active
82d82653-67d9-e811-816f-480fcfeab9c1,Xxhsh/+bP7pNBQ2I5BdYpPM+fPDHZWkkb8W2wY9I5x/wdpg59RgvpSlJhGXOyCe+N/yU26sSRCQ0Tw/UwBvwYw==,2018-10-26 21:37,AUSTRALIA,2018-10-26 15:37,Darren Maggs,,Active,Active
7f55b534-df3c-e811-8139-480fcff4b5b1,2APOJ7vbRNYaTjKjTk/fh280rZVUuRjoIQStRh8212OZ/rJ+5jJuCKkUhzIpDQhVhU5xbB2BYPalEjYGmh3oZw==,2018-04-10 16:50,Australia,2018-04-10 10:50,Ned Benner,,Active,Active
b2d15033-f73c-e811-813c-480fcfea5041,q902vTiUYcT59MznoYWaL0eU+jtL+qKNLThfqTSGpUC7pXAkaaQXvMc/yzTz2yexKXcBOliVBDMtULu0A8dyaw==,2018-04-10 19:41,Austria,2018-04-10 13:41,Jon Lam,,Active,Active
b4d15033-f73c-e811-813c-480fcfea5041,cLBKdvLYW2gGq271bcU5uOsiZcYoGsNSZwx03pTa5ICcaB2Q8DhHSfCtpnRYKTM7LvKXxhBJ9Uhdyae7dt0QTA==,2018-04-10 19:41,Azerbaijan,2018-04-10 13:41,Jon Lam,,Active,Active
b6d15033-f73c-e811-813c-480fcfea5041,qkYZIZ0m5zbUBcTLXcB+xC/7qY3F72bbXikOJyklELieNCSbYJx2n3rozGkiA5YqCFfS0n7Sp184wDR/FWjvCA==,2018-04-10 19:41,Bahamas,2018-04-10 13:41,Jon Lam,,Active,Active
b8d15033-f73c-e811-813c-480fcfea5041,VEZG2XbX91Q3vs22X0E6NBwy7rVYljICaoybMLWHsmoAPqN6Azl5YD23DWn+/NMpUWJW5IHtTwBxpJAmwXkj5w==,2018-04-10 19:41,Bahrain,2018-04-10 13:41,Jon Lam,,Active,Active
bad15033-f73c-e811-813c-480fcfea5041,7YvdhfiFvGFocMasg7voXNYNkBPkCaPm6JTrW4xH5gGBigEIo7sb0ydaU5x923zcKPWj7txjFFg65Qeva11T1A==,2018-04-10 19:41,Barbados,2018-04-10 13:41,Jon Lam,,Active,Active
bcd15033-f73c-e811-813c-480fcfea5041,VSfucDdL26HTptWgBa9YxZV0I6U7Oh7z47bCedXdkICrSLrn2dTcf8POPYIXxKIoeQHZefETJwshwuYZB5wamg==,2018-04-10 19:41,Belarus,2018-04-10 13:41,Jon Lam,,Active,Active
bed15033-f73c-e811-813c-480fcfea5041,706vaO6BUoVk3weT9ZNdI2C53K1QBycjohCMG72vXYIZa5duCRWNvsgTc1Qdjy3JySDtc9edRu64OdNMzHDSNg==,2018-04-10 19:41,Belgium,2018-04-10 13:41,Jon Lam,,Active,Active
c0d15033-f73c-e811-813c-480fcfea5041,4O2wSAqHUF66i3hjymirg78ZBEBZBze5UJDyCE9TtL+Ea+V/GDjxR1P2vSQirWw99akHrFJzCK/M9LQgMStnCw==,2018-04-10 19:41,Belize,2018-04-10 13:41,Jon Lam,,Active,Active
c2d15033-f73c-e811-813c-480fcfea5041,x7toS4ppSsFxJNCxlg58mF95nSodUiHgCTRiesYSe3sF4RjHQSv/1qXKnp7zMn3vCBW3qMs+aZuj/nLmIkoc+g==,2018-04-10 19:41,Bermuda,2018-04-10 13:41,Jon Lam,,Active,Active
c4d15033-f73c-e811-813c-480fcfea5041,UWPR/LW/1ebgsQNwVdELZ3I00MHUO4Hg78Vn9adKWwwPFk5PWpTHNNA6l1G+NPz5HhnKfS0kArCJGgsTCmwaGQ==,2018-04-10 19:41,Bolivia,2018-04-10 13:41,Jon Lam,,Active,Active
c6d15033-f73c-e811-813c-480fcfea5041,Qm8n1Mx1LAXEPptQ+Ppigw33EeLeBW15svv3t5YkxOYZ3So7DxS3CeX7dlKMKDPAuAPqz5nwNyEkOJG3pG/+qA==,2018-04-10 19:41,Botswana,2018-04-10 13:41,Jon Lam,,Active,Active
c8d15033-f73c-e811-813c-480fcfea5041,FZTZBIRmeQs1jd65NAGCxBUsdE9XjlkM6ZxpGLs44NosgytE9yLACV5SC9y0Uy0RVk5Kkgbs/aI8prGBO9RRPw==,2018-04-10 19:41,Brazil,2018-04-10 13:41,Jon Lam,,Active,Active
cad15033-f73c-e811-813c-480fcfea5041,7OPAbkar2Jw1eBrBvUzt7BCmAfAF96bzdC41+Qrka1W0mlgwycinxW1nh/51n+1vsFUkaBDzq6Be3eAxztaIcg==,2018-04-10 19:41,Brunei Darussalam,2018-04-10 13:41,Jon Lam,,Active,Active
ccd15033-f73c-e811-813c-480fcfea5041,EPdY7vESwQy4L3/3WXRYsrWVnM0YQxTPfow960/g5nsCzOgAb1ZtFBSJlc3SIj4WlTyIwen9ljtfyoK3Utbe6Q==,2018-04-10 19:41,Bulgaria,2018-04-10 13:41,Jon Lam,,Active,Active
ced15033-f73c-e811-813c-480fcfea5041,R0ntTU16fXlSCk+pzGiec24aDaNXD3y45kRYVwAglHOVU+km4CRF/zgHqgA5UuwqG3uYJz5nJNuoEbEB8hYsng==,2018-04-10 19:41,Burkina Faso,2018-04-10 13:41,Jon Lam,,Active,Active
d0d15033-f73c-e811-813c-480fcfea5041,a5JBRk/dbWOcZh/0s2YU2KKR7pGR3WY0y353ScDLcWL6Gu0rUWGKmLIAwxmBFenc1gFqT0oNjilheF0KBwcdng==,2018-04-10 19:41,Cameroon,2018-04-10 13:41,Jon Lam,,Active,Active
c7f9ca23-d8a5-e611-80bb-00155d64ab22,YIMCbY8hH8mtcvXrMbJzzwyNZmmidcC1iCDSDpMnweE1+1ZqoIsak2Pj3z79SKQ5jjkIp7ZTd8Vvn5wQisxdZA==,2017-09-14 20:07,Canada,2017-09-14 14:07,Jon Lam,,Active,Active
d2d15033-f73c-e811-813c-480fcfea5041,KchzmGa4IFeGHVF1J0r3rxt/fPbY0f1ExHPeH7t+8ClFwKr3fhaHDoUcLDUqyZLG2xfNyXzO8zLayIvELG4ngg==,2018-04-10 19:41,Canada,2018-04-10 13:41,Jon Lam,,Active,Active
d4d15033-f73c-e811-813c-480fcfea5041,I476GczVCaeXvtKtulmb/Ium0OgpL/E1kEcqmpkDXqEvzJPCr6GqgfCv/wuudF9+U5B9hJaIkRv+usHSEhbRiQ==,2018-04-10 19:41,Canada,2018-04-10 13:41,Jon Lam,,Active,Active
d6d15033-f73c-e811-813c-480fcfea5041,2W++wZb81VFoXVSnQlXXZ+vSSItKORB7VyNq8hOXCvtDRySB6IN/pwR3HYkZqqcoUMetZyVSW/pgVqKddILdCw==,2018-04-10 19:41,Cayman Islands,2018-04-10 13:41,Jon Lam,,Active,Active
d8d15033-f73c-e811-813c-480fcfea5041,LZQpnroTZxCCq/NL14TAMbOTXX+5HiQKORvG1AVM+sqC1o8C5/3Qs+YqmlmIu9H1422+84Lbk3WyPwV5MGQvVw==,2018-04-10 19:41,Chile,2018-04-10 13:41,Jon Lam,,Active,Active
9bca19a8-e526-e811-8137-480fcfeab9c1,bf24+pkP2VtR4xF9HqTsxquAhTbaeCpY7vGIVxiaiQ1KbbobNKsi45fy3dOwTLYCKOU5Qo2hFadN/LNNodQRSg==,2018-03-13 17:40,Chile,2018-03-13 11:40,Luis Cevallos,,Active,Active
dad15033-f73c-e811-813c-480fcfea5041,sA+0zrVKzgLQ1xroRdQ8cHwLdamN7SAOXrWJt5Fifa/qaVKg+0tvfclleZbyPvl+0PxYHtzBSUrwjY0kHvBJ/g==,2018-04-10 19:41,China,2018-04-10 13:41,Jon Lam,,Active,Active
5d40dcf4-2217-e811-8137-480fcfe97e21,4k8Aq64W15g12nZqwOih7i4pm2yqwmP0HCSzQOPo6SJ3tRHQ96A6Q4dtt4300Y+JPDM1Sj2WpBusBxM4ikN3PA==,2018-02-21 16:19,Colombia,2018-02-21 9:19,Luis Cevallos,,Active,Active
dcd15033-f73c-e811-813c-480fcfea5041,GBmk2igFf9mrB7jwIWuHn24psbXTS8ask7CAFZGaAWzyCPsb/eGdhkL5qIDqDucwpcyFTBxGcU9Rl/mE/5hdrg==,2018-04-10 19:41,Colombia,2018-04-10 13:41,Jon Lam,,Active,Active
ded15033-f73c-e811-813c-480fcfea5041,lzEgDELxqRW5SirM9lUzmjl4//m4mImFVS9FlZEJ3jJfAuHRgWAayVG7GvF/kdEH0RazqUWltUUqFusa0rNY6w==,2018-04-10 19:41,Cook Islands,2018-04-10 13:41,Jon Lam,,Active,Active
e0d15033-f73c-e811-813c-480fcfea5041,I4qLwv99/ih5wNJADtOaGinpGoPWZn8slls/ewktu7DmTynwouvIDOklnEJquKFAwu/rqGwciTB3ke+/C7ZDCg==,2018-04-10 19:41,Costa Rica,2018-04-10 13:41,Jon Lam,,Active,Active
e2d15033-f73c-e811-813c-480fcfea5041,/89kwDotBNHisyHQ3hCzYJH5ZXg0r//b1blV76EHjq2OrU5Q5ds55Yj4gjukv0tqYxuNkV9nc5JWLVP6KG7zOA==,2018-04-10 19:41,Cote D'Ivoire,2018-04-10 13:41,Jon Lam,,Active,Active
e4d15033-f73c-e811-813c-480fcfea5041,eAt1U2ig3GJpk68+5s2dMDevOOqRWTW3lqMkd0OkymlsYBbb9pY6rqPRlbwn/b7Cl/fQNLC6/AXf9hpoXxFxiw==,2018-04-10 19:41,Croatia (local name: Hrvatska),2018-04-10 13:41,Jon Lam,,Active,Active
e6d15033-f73c-e811-813c-480fcfea5041,Dzd6o/c7g0y6ozKdOCmNwdLOAaJVlmUx4GCGEO4pP8TJ8/YC5RZmUaGA2X/R6lZsFpr59u8b+5r0IEk+iV5/Og==,2018-04-10 19:41,Cuba,2018-04-10 13:41,Jon Lam,,Active,Active
beddd41d-6051-e911-a97b-000d3af47939,ky7HtjzVuX6J/k5ylcxiqJQ55cVd3KrKq+B8QB/3v7o6erEb8i/qF1O7OJuoKLCcnGMCfbS9TIWLLpgqjFeTJA==,2019-03-28 13:48,Curaçao,2019-03-28 7:48,Leon-Marc Roefs,,Active,Active
e8d15033-f73c-e811-813c-480fcfea5041,BjFYR4Y3Vuf1ddu4iQMySCOI+HF1xb4uV+A8o0KY8fN8uG8EHv+Q1uYdUfE9bO6dhbf2Brf2tbbitzOzbNo50A==,2018-04-10 19:41,Cyprus,2018-04-10 13:41,Jon Lam,,Active,Active
ead15033-f73c-e811-813c-480fcfea5041,jY3xudV3PVJgUU6UfztwuITTROO2s0HEXpKqSSD0GrpphP6Vr2XnVgdlWRVlvwpLgRwPcyffxQi5IU6T731j6w==,2018-04-10 19:41,Czech Republic,2018-04-10 13:41,Jon Lam,,Active,Active
ecd15033-f73c-e811-813c-480fcfea5041,RBjyD0RYhQxGMpbjbbeAiIkZgDtRtIiceqArR7kW0R6yDdrVLXSAHfrn6YEuSVxr3fvrQXErtNicKNO6c8zBYA==,2018-04-10 19:41,Denmark,2018-04-10 13:41,Jon Lam,,Active,Active
eed15033-f73c-e811-813c-480fcfea5041,3n4w8QQ/aiDj8DUCPM0p/Q87dej9EwKVo5tnH2v+jLvx+fKaBXMAJcaGACxmAVs8VgCaV2UywJS4xcw+Vk7Amg==,2018-04-10 19:41,Dominica,2018-04-10 13:41,Jon Lam,,Active,Active
f0d15033-f73c-e811-813c-480fcfea5041,9mbC8ideOtARVP1kZAzGDavxkKnHqNirUufuJWA6Rc/opzf/i+icgzBBQQQJOAkL6k9adVskOO4HAPlF/PKM6Q==,2018-04-10 19:41,Dominican Republic,2018-04-10 13:41,Jon Lam,,Active,Active
f2d15033-f73c-e811-813c-480fcfea5041,JNfUdzK0kR6p+C8cwK8ybIjYSRvCSLMNFj5AL5M7S2ee2zgoEpGPb7QGlzShU13hZmpFT9as/5FvBkK1F8+Gog==,2018-04-10 19:41,Ecuador,2018-04-10 13:41,Jon Lam,,Active,Active
f4d15033-f73c-e811-813c-480fcfea5041,XVtkqfwQXgCf/LskYeO3skrHdpL+i3fsQNC2vYqZlYsehZMvol1zEZSvHo08Ahmn1U40d9UBMVQxbFbGM1J6Aw==,2018-04-10 19:41,Egypt,2018-04-10 13:41,Jon Lam,,Active,Active
f6d15033-f73c-e811-813c-480fcfea5041,T2Ped/GuGsqyIO1EF7feJ5ItSe3djpnErZctBtweJGlIJ/00fFHdA4eJQktcB4VknD6uL+Piwv6NfwwGEtAroA==,2018-04-10 19:41,El Salvador,2018-04-10 13:41,Jon Lam,,Active,Active
f8d15033-f73c-e811-813c-480fcfea5041,LlJwTNXMHumgfLuM0ku0QKzNE/azhnAnhG/dL4vxlXqN6912hMlD3PaQ7BKSBNCMzYPvsyO97Y+vtsxE2ggaBw==,2018-04-10 19:41,Estonia,2018-04-10 13:41,Jon Lam,,Active,Active
fad15033-f73c-e811-813c-480fcfea5041,Bxrnq0AgOyyuHhQt4403GpUc5hU/o0j/gfBuFVfdNZ6nNFYWrZnD4jVRw/kf7HE6gl+/vx3sXPpKRkvYyWeZnw==,2018-04-10 19:41,Ethiopia,2018-04-10 13:41,Jon Lam,,Active,Active
fcd15033-f73c-e811-813c-480fcfea5041,O5cquAaOkih7z2OGgB3+YiPEV374uIYMepPSSI+a+4LPKHSv3gTZsbs9G4fI2XJL62EfbWz/kviuIzt4x01J1w==,2018-04-10 19:41,Faroe Islands,2018-04-10 13:41,Jon Lam,,Active,Active
fed15033-f73c-e811-813c-480fcfea5041,M2Bkmgr4lNp8HC26f2tyHyf5ck3d32hsf0x55vcOA+zaH+TYxKr36K92hZmfgzTBVgyAWblF/N30BmmBzVnuig==,2018-04-10 19:41,Fiji,2018-04-10 13:41,Jon Lam,,Active,Active
3d39efdf-fdd6-e811-8179-480fcff4b171,mv5WZUgz70pzJtrPciUFGBasi9ga6FJf3GojMOVO/rGi6UNj/gHjFRKKbUqrDQYcThfKMX/04E1xsiPNJ57lzA==,2018-10-23 19:57,Fiji Islands,2018-10-23 13:57,Hakan Osterhed,,Active,Active
00d25033-f73c-e811-813c-480fcfea5041,ob/S/iMbvyh4HhlkpA/o6Jx7DSAMjZNMbkUDJEW6723kFtR0hSiQ22O/3deMIln+tRqTIiFOesmBIxn1Gi8qEQ==,2018-04-10 19:41,Finland,2018-04-10 13:41,Jon Lam,,Active,Active
ca39d65d-fe21-e811-8137-480fcfeab9c1,DfSd4KfaxdgmDLds8CmP4GTilhFdbuWRGyW9edDzCxV3NS2b/jeFdiRDKQyLJ6qCbvw31fSvVuw1EkVY0SqMKg==,2018-03-07 11:55,Finland,2018-03-07 4:55,Hakan Osterhed,,Active,Active
02d25033-f73c-e811-813c-480fcfea5041,eGuNLIgRMP3e2UZOMYPeYG3CR0T0EP1TOQK+ErrbQrD1x1i6Q9WwB4DrLVCA1D2GoZCifl25lu2wG2j3miCzBg==,2018-04-10 19:41,France,2018-04-10 13:41,Jon Lam,,Active,Active
04d25033-f73c-e811-813c-480fcfea5041,0olj+Lxwz2TG8uUVfwj1wyuQxCratiAQcPVSfPCer5MzIlrEXxJ/60r1s0g+Gb0BiiKyMnqPnqELVFzyHCEAqQ==,2018-04-10 19:41,Georgia,2018-04-10 13:41,Jon Lam,,Active,Active
06d25033-f73c-e811-813c-480fcfea5041,j55klh9ysAhCOmIm/y6EIMTcXb09CHAhHMDUEYvQaIM+2QnGPnoTx7SxBAHmBXc0q4lnqHp7Yb+3HqZdMfwEsQ==,2018-04-10 19:41,Germany,2018-04-10 13:41,Jon Lam,,Active,Active
08d25033-f73c-e811-813c-480fcfea5041,JQjLpuTx2p2byYhgPOrNGc4KQMlUuPbLTmf8Brcj8DvuwZLHkMQxLBlbw1CQ4CyDR7n2s48/SGx+3qApIBQ7lQ==,2018-04-10 19:41,Ghana,2018-04-10 13:41,Jon Lam,,Active,Active
0ad25033-f73c-e811-813c-480fcfea5041,c76gwUB/knxUAjdUsOtVUrcmnQOX7f2kHP0GFVYZSslBC9S1jQ9a3zMESTJmcRo8hCq04tCIdqufY6wtLByl/Q==,2018-04-10 19:41,Gibraltar,2018-04-10 13:41,Jon Lam,,Active,Active
0cd25033-f73c-e811-813c-480fcfea5041,dCnDGD3OlrTa2cfy/A0PRN8sXYvM7UOcFs0t5jw0jZKDOhguKWRBlT3V39wIv+kn3doQVpumkgm+e69sgNkAHQ==,2018-04-10 19:41,Greece,2018-04-10 13:41,Jon Lam,,Active,Active
0ed25033-f73c-e811-813c-480fcfea5041,unpy/xVlu7RrE4oesBTg6iBy0vx8/bpbfNqZhxcGIT+teTTvJrYjpCzM1fbZt5wlkcKHZZWKLjLdrfuaOUxgIw==,2018-04-10 19:41,Greenland,2018-04-10 13:41,Jon Lam,,Active,Active
10d25033-f73c-e811-813c-480fcfea5041,WgRScQjF1uZG2ya2HRVReqlJsxnjTqMWFbS9x1NvFGFtmfoPkZtpmhndPbKXvz+sOZApu992Klg7z5ebXmvvcw==,2018-04-10 19:41,Grenada,2018-04-10 13:41,Jon Lam,,Active,Active
12d25033-f73c-e811-813c-480fcfea5041,zP7+Mj1edT+0CP/IcrwnfSSrTie4fUElLJm2meoakwWxOero6MI+FJp3L0jlR+o1eQbbzg2sGjmwcH+ZUt+yAw==,2018-04-10 19:41,Guam,2018-04-10 13:41,Jon Lam,,Active,Active
14d25033-f73c-e811-813c-480fcfea5041,YS6jokIKo/kW/iwSAiSjp+OsA/bFa1vidzTTbK8n9qoas/F6GNr/XDSjZpb0PXamrs9RvsJADrffCVe02Z9unQ==,2018-04-10 19:41,Guatemala,2018-04-10 13:41,Jon Lam,,Active,Active
16d25033-f73c-e811-813c-480fcfea5041,z8+grVErQZ+OrdzOMdv0ZXYXeantzp45nF15ofxR4IcLYDxLYWhumQ/2Zoe1G5xj3MhdLBsTcaArtDHSvztDUA==,2018-04-10 19:41,Guinea,2018-04-10 13:41,Jon Lam,,Active,Active
18d25033-f73c-e811-813c-480fcfea5041,HmlPJOrn4KqMppGv54HepfFRtuma5DNYDSFKhYURuj1eOiBD2PVFde/uaOegx8SiwpDlHyJFM0UZ6OjLgNJzgw==,2018-04-10 19:41,Guyana,2018-04-10 13:41,Jon Lam,,Active,Active
ee9ddda8-a18a-e811-814f-480fcfe97e21,Xuf3dNok4cixpXd6M2wvKcb+XQkxrTnrfp1T6bAE6KxcqO6VzwfdFZPxyGYzndygQz0qR+mOzvqIz6eSERTjtw==,2018-07-18 15:46,Haiti,2018-07-18 9:46,Brian Mahoney,,Active,Active
1ad25033-f73c-e811-813c-480fcfea5041,ZdiHldTAynXWxmy/d1sOSPfrBtv+mEmMkM539eSRj7uYixjWe8vXnJ9PNiL+a03XKX4W8VZjE5oZTyFtY9dXrg==,2018-04-10 19:41,Honduras,2018-04-10 13:41,Jon Lam,,Active,Active
1cd25033-f73c-e811-813c-480fcfea5041,g0j9Agq+X+oxistMvdr5pUNide7EzDgQBKmVYTuhsv5paIacbiKeBTTU8W59PaD75l8eIfYJz9DTUgAwNJQOXA==,2018-04-10 19:41,Hong Kong,2018-04-10 13:41,Jon Lam,,Active,Active
1ed25033-f73c-e811-813c-480fcfea5041,Aag6+GRlRpHwV4bb7hvhMpnICxa8luRH81ig2W8q4AXnzwMYLPukn01yJ5XRSzQs4hpc0w1ia+wd2M/+vWayfQ==,2018-04-10 19:41,Hungary,2018-04-10 13:41,Jon Lam,,Active,Active
20d25033-f73c-e811-813c-480fcfea5041,nAockCBh6NjCRBytw8ZPuJO8EocpZZH3XzmFMuwlJc5IZ+ab1t8nktvdPdep9Q6qTszvwT8pse0mzEbRoj9+Xw==,2018-04-10 19:41,Iceland,2018-04-10 13:41,Jon Lam,,Active,Active
22d25033-f73c-e811-813c-480fcfea5041,KqSWm6fXvXOnT1N8WNf2IiHrL3parPzTtZ1BRecInR777Kv2BZJaCtfIl7+LvypTC/+XE3qw3sKRham2V6Qegg==,2018-04-10 19:41,India,2018-04-10 13:41,Jon Lam,,Active,Active
fbe9b52e-df3c-e811-8139-480fcff4b5b1,BkViJKwNv6gCRFhbWdJMOkPJyxQvtYBXiBpUKgEQbIdr89xTfGg1gW3N1CWMd9RZoZ6ZLI+JV8HmamJ81lJaQg==,2018-04-10 16:49,India,2018-04-10 10:49,Ned Benner,,Active,Active
24d25033-f73c-e811-813c-480fcfea5041,WLkFYuaMvipvFh42KMeB95KbI0Wp1zPFfCSuBwF7fVpzGhgV+caM6NDEatgZa4kkuiTDTwcZ/alTXAC7Dila6g==,2018-04-10 19:41,Indonesia,2018-04-10 13:41,Jon Lam,,Active,Active
26d25033-f73c-e811-813c-480fcfea5041,vn7a6R6tKM5Ip8y6bzKcKfwFhk5m4VES7bdpGOcOySRArMUy+psQa25b9egFZsZTqnMTe6QlhyA9nKyrjZuw2A==,2018-04-10 19:41,Iran (Islamic Republic Of),2018-04-10 13:41,Jon Lam,,Active,Active
28d25033-f73c-e811-813c-480fcfea5041,Da/CO+Rb7ZdWHl/RV2i3rjrIQXvbGZHdavFPhwukPHIOk3lqOnEFPobzemeDeDB0pIJjG2TQkgnvmY2Rd+YqLg==,2018-04-10 19:41,Ireland,2018-04-10 13:41,Jon Lam,,Active,Active
2ad25033-f73c-e811-813c-480fcfea5041,bfk7MT6UODTL5wAcW5Us8FhOMfR2tEYuO+Q/s2iLvXkATEhAli9Kek47jLm0M8OFrmJARG/4TdeTmueQ0wqK7Q==,2018-04-10 19:41,Israel,2018-04-10 13:41,Jon Lam,,Active,Active
2cd25033-f73c-e811-813c-480fcfea5041,rtOZeBQkgSsqjqtX0tyQstP45rLINAXqHHmGMlc5yJBUkMDKBMFpqNYpw2Ng5PI3bhoXicsw4OPzwP4fsyB03w==,2018-04-10 19:41,Italy,2018-04-10 13:41,Jon Lam,,Active,Active
2ed25033-f73c-e811-813c-480fcfea5041,O6cNIXpn99NHe/jsyg19GdEAz+EGqdbWcX5Pz7k1RD/7qRC586YKZA9/N6LmBbquopE8gQfhhSRyOzqZCjFO4A==,2018-04-10 19:41,Jamaica,2018-04-10 13:41,Jon Lam,,Active,Active
30d25033-f73c-e811-813c-480fcfea5041,KvwL8yPXbDKlj6n67x7OpWazJy9o/Oy+NRx/ENGCPsOL/v6BYqNXSHIHaP7VjYIoKBJeEuYkM+UCtWDA2GUrZQ==,2018-04-10 19:41,Japan,2018-04-10 13:41,Jon Lam,,Active,Active
32d25033-f73c-e811-813c-480fcfea5041,8pgzSg7wVvwYXf59SUV1amwZpu2oT+pMyuX2jYtRfc/25uJlSG0E/vIeHcTRRSspIth+garwEKYmJOcMKkF/3A==,2018-04-10 19:41,Jordan,2018-04-10 13:41,Jon Lam,,Active,Active
34d25033-f73c-e811-813c-480fcfea5041,dKMadCEJ28EBwCfI0nnJhh69iYgDLyuSJBeABZY1FEjurWH1IegRLqqK6vyyUYJW/5CbsPKox8iQxy0r3h1JPA==,2018-04-10 19:41,Kazakhstan,2018-04-10 13:41,Jon Lam,,Active,Active
36d25033-f73c-e811-813c-480fcfea5041,iJgxEBV+OSpWsJwIRnX0uCW6/5kcFsQ51GGLPCWqAtgf4HlhVEvIYk/8MKDt6e6UTvZg9MyER8VY6odfwf29/g==,2018-04-10 19:41,Kenya,2018-04-10 13:41,Jon Lam,,Active,Active
38d25033-f73c-e811-813c-480fcfea5041,zR9arYwvUqSfbIEKGGDQS5yPsUS24B+JbPJXXX1OsI5PVMlCrcSwOEeUTEbLwpAqVIEdigk2qZAmqAD6g1KepQ==,2018-04-10 19:41,Kiribati,2018-04-10 13:41,Jon Lam,,Active,Active
3ad25033-f73c-e811-813c-480fcfea5041,TUehNszurBfOvoCoLJOIfUbq8f6zQz1tlYsaU2suc4E1SkFV2Bph7F3nhb80af2tyGC+OZP7634x6yqok4oHGQ==,2018-04-10 19:41,"Korea, Republic Of",2018-04-10 13:41,Jon Lam,,Active,Active
3cd25033-f73c-e811-813c-480fcfea5041,VJ4dt0AmVJ4wFAkN7TGg+8CTcj7/Gt7swD7RRF5AsfDD1vvpZ0ieS9Ny7uv7cEAewmuR2FsluiwHN2iuyDWIXQ==,2018-04-10 19:41,Kuwait,2018-04-10 13:41,Jon Lam,,Active,Active
3ed25033-f73c-e811-813c-480fcfea5041,regivhGj5eH6x+CiE8b/LCdPUFNVAfIDe478rGAAn/zmLFpbD55vruIr3bYNymO7DU5sqRbVgDZ4io7MrKbk/g==,2018-04-10 19:41,Latvia,2018-04-10 13:41,Jon Lam,,Active,Active
40d25033-f73c-e811-813c-480fcfea5041,dwXZnqP8JqV/3ASV8P5bXI7OXHKug8VUy3OU+XWMJLCZYLo7JY2ORq2cnQttou7yH6IH0BdzEPTokr9oZD83Rg==,2018-04-10 19:41,Lebanon,2018-04-10 13:41,Jon Lam,,Active,Active
42d25033-f73c-e811-813c-480fcfea5041,riIdhY/E7CWfUZ6I3CugtIwjUeXJswlZGrGScgORhJpu0VufWt7lI9OXlQ8XLTWhpYx+0BpG/ej4fjcFbWACww==,2018-04-10 19:41,Lesotho,2018-04-10 13:41,Jon Lam,,Active,Active
44d25033-f73c-e811-813c-480fcfea5041,Iq66vnwUfftjT0/eusDTdriuNL2UajQYFB210Ii7TzWXGZKqIco8HfhmI29s/Vuxv5AAAXmc8jgGsYggnzTDVQ==,2018-04-10 19:41,Liechtenstein,2018-04-10 13:41,Jon Lam,,Active,Active
46d25033-f73c-e811-813c-480fcfea5041,SNIogdtBGP7/qRDJ73n8dVvcokyw9jNIhzXaVsaA9lOe1GycoU1qauCghdOGeO2nXDYJnS5xLkoXYsecbINDew==,2018-04-10 19:41,Lithuania,2018-04-10 13:41,Jon Lam,,Active,Active
48d25033-f73c-e811-813c-480fcfea5041,Gifl0SnXRLeuB64f/TX6svGHcEkBOSLARmuBoC+9seOhbKQID4UIy6Na7p8CUyAoNqwPqg3l2ftqQASGY07Tzg==,2018-04-10 19:41,Luxembourg,2018-04-10 13:41,Jon Lam,,Active,Active
4ad25033-f73c-e811-813c-480fcfea5041,JO3+dXUAKRKHkEa6iy4wLOW4YigzPq+JVt1VC6RDjhNYMxLnvIYeZjLPTY6cZjg7DHVaQNviY3GbyTB28FexFg==,2018-04-10 19:41,Macau,2018-04-10 13:41,Jon Lam,,Active,Active
4cd25033-f73c-e811-813c-480fcfea5041,UeIdR2KTXcCnF/29vO5yZ8ioDe6cbc/JpKx1YBu00PT0IFgcwtAJubQHNhq6isWm9yl9jdPgXkdRJPKgfmtcxA==,2018-04-10 19:41,"Macedonia, The Former Yugoslav Republic Of",2018-04-10 13:41,Jon Lam,,Active,Active
4ed25033-f73c-e811-813c-480fcfea5041,5JVdoR2LQu+5hjtJPjIKMAP23Fw5isWvBpGnPrENFZ2s5Vtlqdj3hS5tYIGJ6V2kILegRWE2Vxo2MXrOS0UgeQ==,2018-04-10 19:41,Madagascar,2018-04-10 13:41,Jon Lam,,Active,Active
50d25033-f73c-e811-813c-480fcfea5041,2g9TnnNFRDoCGe6bc2rbQPWRQTRZNug7FE7o6jOlAKv7jyXL3uDhgBe1muMaHVv6nUCmKqII/Qo+/gOc8vpsOQ==,2018-04-10 19:41,Malaysia,2018-04-10 13:41,Jon Lam,,Active,Active
52d25033-f73c-e811-813c-480fcfea5041,z5rpwZLaoDsvK9HIgFPtIYv6wTneuo7p6NJmBqA4KLtav6CUvO8ESEZ88Idn99GyNSeUykqw+EUcChf4WtrC2g==,2018-04-10 19:41,Mali,2018-04-10 13:41,Jon Lam,,Active,Active
54d25033-f73c-e811-813c-480fcfea5041,+jhnPzlwQM+EeHCx/a7qGdWRmMzgIOOZXh/OJ2RAsCbQnuGv9aDe2vIVf6rjk3rHbKaUApAVMzaiMo9qYVK7pg==,2018-04-10 19:41,Malta,2018-04-10 13:41,Jon Lam,,Active,Active
56d25033-f73c-e811-813c-480fcfea5041,uIDXv3ZWEDN2d87to9pfw7JDjF6rgVBwOaknXw+5Sdz+vqaxY+RCzr63kTSA8oxfLdi841wvnz01j5IgqzSG/A==,2018-04-10 19:41,Mauritius,2018-04-10 13:41,Jon Lam,,Active,Active
ed60622b-d8a5-e611-80bb-00155d64ab22,zTSP+L1GhVoROLOJO2GuMBUQGzYA/wPTHqQORaNwL5qj7EYDL/EhhUM/+UQ7Ndlb9GYBsWKtMqHIVts+opOygw==,2017-09-14 20:07,Mexico,2017-09-14 14:07,Jon Lam,,Active,Active
58d25033-f73c-e811-813c-480fcfea5041,0U0BStfgqwKPEEp32VfNFVX7R1lAw0mMrQNPnRTHchhWePE1y/lekn2a7PkfANfpOvwLOs8dv9WHj3dftSEsuQ==,2018-04-10 19:41,Mexico,2018-04-10 13:41,Jon Lam,,Active,Active
5ad25033-f73c-e811-813c-480fcfea5041,oVQHB8A3MqP9eFKLxMoxxI3bjlnXMu/BNZjk0bmfs5gwgUSHI/juxN9DA05zxJkAYePxs7bVjfc5vVhWjhTl2A==,2018-04-10 19:41,Mexico,2018-04-10 13:41,Jon Lam,,Active,Active
5cd25033-f73c-e811-813c-480fcfea5041,ypaxrdr6WXaA0TdedBlRUfHLKJc/TRcCw8NbcGhORd4bAzYYkcAJ9agEK7fjlzdM3Ehsh7qG4mIT3DDNw5AcOQ==,2018-04-10 19:41,"Micronesia, Federated States Of",2018-04-10 13:41,Jon Lam,,Active,Active
5ed25033-f73c-e811-813c-480fcfea5041,yU9RTmRk6Wjn+JC4GldDNbw0dFQSunXIGWN/QnmID78A9pvr3JnpRlGe5I9VCJojaaCaI1z1hxBKvdqQ5ke6jw==,2018-04-10 19:41,"Moldova, Republic Of",2018-04-10 13:41,Jon Lam,,Active,Active
60d25033-f73c-e811-813c-480fcfea5041,bKaH3OcAmIkcMj+GPaO9NFg1HnOPZelRwR3yBwrbDjD8Gw2JiN0T/JPjgwHN6RcfS+vsuPilh6nuNWO23R0r7w==,2018-04-10 19:41,Monaco,2018-04-10 13:41,Jon Lam,,Active,Active
62d25033-f73c-e811-813c-480fcfea5041,IvYmM7K9TN7sw8PvWQEmH4G4guMkaSPvDNFipS4L3Ka7nLv7Y5n3///ngLbDP8/m0nlDB8uKUCi18s23aqMA5g==,2018-04-10 19:41,Mongolia,2018-04-10 13:41,Jon Lam,,Active,Active
64d25033-f73c-e811-813c-480fcfea5041,nve6iVXm7XyZfAnKE9ZEvBPBGN9pDP+8z8t3TbdysV6LIysNFFGC0Ru6CH/ZOTRQZltXrohAWhbB/JE1TkL1PA==,2018-04-10 19:41,Morocco,2018-04-10 13:41,Jon Lam,,Active,Active
ba87d210-7425-e811-813e-480fcff4b171,90e6gvHvfa3z+JyyatNXzE8y1Wbe/bSwi3jE1b9XJCc+nYtu3WAVwIrURsq0u8D7z4WWUv2DhEtBa1hzcdXDjQ==,2018-03-11 21:35,Morocco,2018-03-11 15:35,Hakan Osterhed,,Active,Active
66d25033-f73c-e811-813c-480fcfea5041,7fhtZ78EkkctTJkQBGj0HN8HPxO1I5pO5x4R/8LREDvMqSVvFpmW43B2kuM+TDJOiHY4fnrbR/YaIt3Nu+5KOA==,2018-04-10 19:41,Mozambique,2018-04-10 13:41,Jon Lam,,Active,Active
68d25033-f73c-e811-813c-480fcfea5041,bAiyw//wFp8rZ1PiX+tZmvAUwjbssGzDJlwhbu9vB/dES4Wp8PI1fPcEd5ll3RHqv7Zn8shm0/hRKEtaLddE4Q==,2018-04-10 19:41,Namibia,2018-04-10 13:41,Jon Lam,,Active,Active
6ad25033-f73c-e811-813c-480fcfea5041,TJH56cdQTf/WRdMMm5yUytThFXLPJEi+luY72scvFRt7YXScXJKWT8Sbevfgfjm5Vzmu8fGdwRJ+LGbrUmZEug==,2018-04-10 19:41,Nepal,2018-04-10 13:41,Jon Lam,,Active,Active
6cd25033-f73c-e811-813c-480fcfea5041,cHhPaxMYM5nVmsQS6YTkV3611h64IMXDM1YXaiyL4sIafEH5to/F90Gzehn1XdtJdwIHTEoUMpcU6LgZngq5Ig==,2018-04-10 19:41,Netherlands,2018-04-10 13:41,Jon Lam,,Active,Active
6ed25033-f73c-e811-813c-480fcfea5041,cOTjh2KZ7opOmFmjXxLk1r7bDZK9nd7YqrJKr4zsvwQwJAohEUG86Y5bycA85F2p35Z+azj6Sb3T5y2haGjjyg==,2018-04-10 19:41,Netherlands Antilles,2018-04-10 13:41,Jon Lam,,Active,Active
70d25033-f73c-e811-813c-480fcfea5041,09iibAvIJel/N6adPc6o6RZerTVgLaF3uCn5I7kjC1UPaSUJPR+P4J2vdlInDYRcRxsQCWBfB5aNRmIk4f5dFA==,2018-04-10 19:41,New Caledonia,2018-04-10 13:41,Jon Lam,,Active,Active
72d25033-f73c-e811-813c-480fcfea5041,xr5B6yE6tmVdCF4h8WvwfiZNME6mV410pmXIsFDseIiMOzpQNXWl5zuWFIkWhou2ueJ8F2HbmaF+NU9SFrvdog==,2018-04-10 19:41,New Zealand,2018-04-10 13:41,Jon Lam,,Active,Active
dbdc23c5-8a18-e811-8133-480fcff4b5b1,U7svfdJ/6uZOugOln4XGGPqMYMrEzbfys4uZc0n0EVBhIlKB2AO7WsgEhVZWJbZ/exsjEWraby/kS+6jtpSx+A==,2018-02-23 11:15,New Zealand,2018-02-23 4:15,Hakan Osterhed,,Active,Active
74d25033-f73c-e811-813c-480fcfea5041,1tyzDTiQMLp8D9J4HNFJ+v3FB8fj3ikQjQUNH/FvbQuU8ar7ApuqzAruZI4i0yJ3mDmRWaBTFAnsuEDpznDS6w==,2018-04-10 19:41,Nicaragua,2018-04-10 13:41,Jon Lam,,Active,Active
76d25033-f73c-e811-813c-480fcfea5041,NhWyFDeFNX0iXO0MFc7D8xW6IfbKnLete9o+e/n6YmipShMntKaCG0HAPUOwO7BH7HpHt0UqoPOBAlZGdKltfQ==,2018-04-10 19:41,Nigeria,2018-04-10 13:41,Jon Lam,,Active,Active
78d25033-f73c-e811-813c-480fcfea5041,svDdcnfNuSwVWmtb1DCaXTaRm1X5M59Jf/ygYwlHeYmmY2yScT9IownWSfBiWLeGCxMa3xkW/nXOSlar591jJQ==,2018-04-10 19:41,Norway,2018-04-10 13:41,Jon Lam,,Active,Active
7ad25033-f73c-e811-813c-480fcfea5041,9ayGIms56cnLSOlKKPx4W3Q8MdtwhIiyJh8CoC5cgvNTZmEjJa6LpjvOQci8j8fhieS6tPIBesbkxQUpwGhjWw==,2018-04-10 19:41,Pakistan,2018-04-10 13:41,Jon Lam,,Active,Active
7cd25033-f73c-e811-813c-480fcfea5041,4Jn8vE28T7VeiDH359rGq7N5+oqwzhPEcl8ar5+R+yjKL4MhRzpIhATZyOK6J2Qpuflc0N3qtBdNP8L9LKkAkg==,2018-04-10 19:41,Panama,2018-04-10 13:41,Jon Lam,,Active,Active
7ed25033-f73c-e811-813c-480fcfea5041,XaYc+GP9PMPBG+LRvW9h/NeEc5mQTuTvjQPuAhtPPJI1IFex4o+t1ed4TLQl2bo9BJuKn8HmMSIHsmBwRc5IBw==,2018-04-10 19:41,Papua New Guinea,2018-04-10 13:41,Jon Lam,,Active,Active
80d25033-f73c-e811-813c-480fcfea5041,GLnoa5jzgcx1IEUW33C28YbE/d2WGGJZ8MKTo2muxekyKINeOzc4QPZ79TKorCYUL3PkVqmv19/oGkbp3Ppw4A==,2018-04-10 19:41,Paraguay,2018-04-10 13:41,Jon Lam,,Active,Active
82d25033-f73c-e811-813c-480fcfea5041,DiPdnSivP2Lrty4lPe79kONr+xQNpUDBc5Ak/IK2F+vgkjSmvCqrV81wRTE2AUK4RYV5ORAaKvymsxo393epYw==,2018-04-10 19:41,Peru,2018-04-10 13:41,Jon Lam,,Active,Active
84d25033-f73c-e811-813c-480fcfea5041,iEol+J3cSB3bfvRadMZWfWV6MRsCvcy3GOOzw4K5Lkj8bBuKSc/8NB8A2v1ugTJ3PItxuHAo4RKNRlW5wYm2uw==,2018-04-10 19:41,Philippines,2018-04-10 13:41,Jon Lam,,Active,Active
86d25033-f73c-e811-813c-480fcfea5041,1nmVKu93f9W2gwEFwcfQIUm0JVoJHMCqt8x/4xHhqjL0XGk4LAEn2xHNvzXIhBlzMsZHFqqGYoX3bOx2QL6BtQ==,2018-04-10 19:41,Poland,2018-04-10 13:41,Jon Lam,,Active,Active
88d25033-f73c-e811-813c-480fcfea5041,YNN0YJ3b6tkBFvDVpzlgacXgPlqBx3mktKXoqoHP0YFCWF87et5+3lGs3Xn2TOkV3BYf1BMGyDx4X8ZjDiJkAA==,2018-04-10 19:41,Portugal,2018-04-10 13:41,Jon Lam,,Active,Active
8ad25033-f73c-e811-813c-480fcfea5041,x825/+Y26CS3nK4LnRwoWWSPjXHkWAb7rOjbCDzat3IwefokC9Xqvq15kN9MWj4v7xDKMf6X0YlWB+dfVjkLqQ==,2018-04-10 19:41,Puerto Rico,2018-04-10 13:41,Jon Lam,,Active,Active
8cd25033-f73c-e811-813c-480fcfea5041,JOQQQcaiNSgOxy/KjNmGVlPYU2IXCoTdtCqLpo18Acea6Nun85HLVU4GGvoZSiU926Tbj2hlR44hi4xcsSRehw==,2018-04-10 19:41,Romania,2018-04-10 13:41,Jon Lam,,Active,Active
8ed25033-f73c-e811-813c-480fcfea5041,aqndccPS6LusybJeN0ivZeDSYEjcrwnnr+gFnio3BW0C6J/RchugaAo+x09xwxXSFdL6SlFYNZmmDkHV3jPQYw==,2018-04-10 19:41,Russian Federation,2018-04-10 13:41,Jon Lam,,Active,Active
90d25033-f73c-e811-813c-480fcfea5041,kGGf5yXwOkw0ZZLzXlGkHZogC+VrCK7bYs/wtY7obP4C8SppHasetN2ef/mNjPZRfBCUTmC4GSCQls85/1GpLA==,2018-04-10 19:41,Saint Kitts And Nevis,2018-04-10 13:41,Jon Lam,,Active,Active
92d25033-f73c-e811-813c-480fcfea5041,JpsU/AiUZ2X8U1OLkn7Mv4TmffkSxIsh0HK84EcrB7Orf/QQH4/A7FWi9CsEM6z+g8Mjldg2YKoaSWmrtW6dYA==,2018-04-10 19:41,Saint Lucia,2018-04-10 13:41,Jon Lam,,Active,Active
94d25033-f73c-e811-813c-480fcfea5041,Mg3DR8aFBA3yrJLaMUefJOpSYvwy13WHUAyHKsjA1nVW8jkrX4KxIXOmZUMoveIdXgkp7YtYKQXrQxTGWfAR8Q==,2018-04-10 19:41,Saint Vincent And The Grenadines,2018-04-10 13:41,Jon Lam,,Active,Active
96d25033-f73c-e811-813c-480fcfea5041,QQKSule1VD6iIYB7OUVWLXwm1mX1vPqdgaosVwksQQB8+Dv2Mr/0Ho2mZw0OjEJCVzVKxH4QUEBcH0zZip2coA==,2018-04-10 19:41,San Marino,2018-04-10 13:41,Jon Lam,,Active,Active
98d25033-f73c-e811-813c-480fcfea5041,cM4MIG95c/u0/CkZj9yyi5nFhrIaAx+xZWpalWNerj6xaX0VGlia2B8PiJc8ZUCi8nj3XCuuS9sKWZgTr0CtBw==,2018-04-10 19:41,Saudi Arabia,2018-04-10 13:41,Jon Lam,,Active,Active
9ad25033-f73c-e811-813c-480fcfea5041,aWuPsdBEEfaLlC6zkljIP5+RP+1Bjt+um5T+ZEOGGVFrC06klrgEX+VnnJ51zIf+EtkuTpxuFP2kvL5NplDXhg==,2018-04-10 19:41,Senegal,2018-04-10 13:41,Jon Lam,,Active,Active
9cd25033-f73c-e811-813c-480fcfea5041,Ty5TDeHmK9uGq5BnBluoVojnjGUBrubG9rBqJmx1KaUWGo68r0c1sTIeCUC/QH5HpmBCgjDpeJxLAvB6e9SVtQ==,2018-04-10 19:41,Singapore,2018-04-10 13:41,Jon Lam,,Active,Active
9ed25033-f73c-e811-813c-480fcfea5041,XaU68HY53wR7nzcFSu7FJQbwdFa7jypZU+m0GBQkAm6qBHMIQ4g40wTKFHtqZUQgX66AaU3FgCskvYR8AHIKuQ==,2018-04-10 19:41,Slovakia (Slovak Republic),2018-04-10 13:41,Jon Lam,,Active,Active
a0d25033-f73c-e811-813c-480fcfea5041,IMFJN/Im7frYrhn0RNJP9wIlteOneyWQ4M6XGwLzP0iTGvmIgTY6Qo8TLLEVzFv4ruBdRYhQPa4pVGn42KW8Ig==,2018-04-10 19:41,Slovenia,2018-04-10 13:41,Jon Lam,,Active,Active
a2d25033-f73c-e811-813c-480fcfea5041,HAQDBrt4jiw75M6rMmYfsPncNGiD/EPhPVp+mnnk7Sr5Es/ytkf6T0+ZpClO4M6zudXGNtBHYLFDkt1AwW8iPw==,2018-04-10 19:41,Solomon Islands,2018-04-10 13:41,Jon Lam,,Active,Active
a4d25033-f73c-e811-813c-480fcfea5041,slJ1e9w+haKaSD0sUCfOUFEeJ+awmGijJ03Hci+8XTuwzps7Q56Q19oEq+dWNDOXHRfC2yGFtIzXHKExbVsQYw==,2018-04-10 19:41,South Africa,2018-04-10 13:41,Jon Lam,,Active,Active
a6d25033-f73c-e811-813c-480fcfea5041,iyR0HN++m7XCtAEs3YHZ6qV5y2MVEqiK2E6FkG8ErBASGf5HJtaScFuyV1wPhlF7pcWtOnSmF7S3wXCq9lwxpA==,2018-04-10 19:41,Spain,2018-04-10 13:41,Jon Lam,,Active,Active
a8d25033-f73c-e811-813c-480fcfea5041,MEPdRP7Wan4Sf6PS88dswbaO93JIWJTn9JQlw/MbFcUZJXBjVk300c29JMC4w1jnx/eHJ6y3TC84hGjFejEyzg==,2018-04-10 19:41,Sri Lanka,2018-04-10 13:41,Jon Lam,,Active,Active
aad25033-f73c-e811-813c-480fcfea5041,T/vysp+m//TbWOjRJ8l38gttFx/gH0DCldAupD6PvClhleqqFchbcsZJE0sGVGdMzKYokwrg2Yn7HsqNjU5ypA==,2018-04-10 19:41,Suriname,2018-04-10 13:41,Jon Lam,,Active,Active
acd25033-f73c-e811-813c-480fcfea5041,srjH215H0/YvMoRn9AuVRtrUXDPHdiZFHALnil+j9Qu4D4igOR2MrU4EGrhwCoZc6XapWwH+1WtcOzPLgxfa3g==,2018-04-10 19:41,Swaziland,2018-04-10 13:41,Jon Lam,,Active,Active
aed25033-f73c-e811-813c-480fcfea5041,AN6tqdCnahv+xkU9xu2b9OBkGLHRLnhNrW+EJe2T4DyIOvy0CIEbtVmBEPYCuqk/AiWw4bvm9OtMJn260T8BYQ==,2018-04-10 19:41,Sweden,2018-04-10 13:41,Jon Lam,,Active,Active
8c14a2d6-7a25-e811-813e-480fcff4b171,o2P3RKEmyXLGtbLzykGT+Uob5AqqZUuro5MblLXtsZj6oJgLq7YTP0ovJ1b4XGMaiQ8B2fegrHRLx9AzwUZgRg==,2018-03-11 22:23,Sweden,2018-03-11 16:23,Hakan Osterhed,,Active,Active
b0d25033-f73c-e811-813c-480fcfea5041,4jLlHdMLhG65RiwmZBYXJfIeRkGIGCTNQrt37aVIJDRlhW/3pfcmH43tOtxmrq2pXsvEJRBhQ2C9PWd+IlH8Rg==,2018-04-10 19:41,Switzerland,2018-04-10 13:41,Jon Lam,,Active,Active
201fcba0-6325-e811-813e-480fcff4b171,jPND/ZK8NhiD06Moq2L6AzHoqr4JTbwzr5Dg7Ai4/6o62g5ZcdA/NjN8qYWHVUUjSdcWqLCkfpg3kRze0mLLoA==,2018-03-11 19:37,Switzerland,2018-03-11 13:37,Hakan Osterhed,,Active,Active
b2d25033-f73c-e811-813c-480fcfea5041,apjfQgY8s2TmuWj3XRQo+y8zen50A3g9HPy3pyHyJYghf2NvS7vLK20VcTzFnbryMr1eKJSTVo24bITWScJZ4g==,2018-04-10 19:41,"Taiwan, Province Of China",2018-04-10 13:41,Jon Lam,,Active,Active
b4d25033-f73c-e811-813c-480fcfea5041,41GHc1TIxh3/EfWHglkr550ZkTVgQQYl7qTlvAqX2gBxNiKTRVgCaA2XWNe19GmYoC55wqU9EadFCtYMD7xFQw==,2018-04-10 19:41,"Tanzania, United Republic Of",2018-04-10 13:41,Jon Lam,,Active,Active
b6d25033-f73c-e811-813c-480fcfea5041,3runL8rYvw0dGZVRP4OOSHDPaeBEbIa9VztvYyIoUvnfzm2KjFBk5T5uy301AV47bA6ZCggYg4XRj9jIvRMMDg==,2018-04-10 19:41,Thailand,2018-04-10 13:41,Jon Lam,,Active,Active
3ab668ca-8516-e811-813c-480fcff4b171,TSBl2F5tUt0Alf6Ln6fbw/qTOuF61ov7uybVWuK6qwORUNtpbbrV8W2M6aIEtmDTXNY5DorowK0MSg4Yiha6Ww==,2018-02-20 21:34,The Netherlands,2018-02-20 14:34,Eric Schuele,,Active,Active
b8d25033-f73c-e811-813c-480fcfea5041,T4srQH0Pm4uwbbBaRDWcwyjVvJFLCF583XxmNMKOe4aSHHH+VKrpBbji9KXCXgucjEAJJequJ+35W0PzGEPbCw==,2018-04-10 19:41,Tonga,2018-04-10 13:41,Jon Lam,,Active,Active
bad25033-f73c-e811-813c-480fcfea5041,1tJbmMUTa/R73NHpkqscbwk6giyZgU1SNKMib9rqHFIM+Sou7Ep2fk1qijS+S1TMHFy5W9HymR/1IeyZPj58xw==,2018-04-10 19:41,Trinidad And Tobago,2018-04-10 13:41,Jon Lam,,Active,Active
bcd25033-f73c-e811-813c-480fcfea5041,Nyl8D+aXajqjopSrqlE2O+bZ3snfB8l1PtnK1FoGhmDCawy7DKscGPl+iAJeT346F7NRJ4mBA8LMPD44k0qxOg==,2018-04-10 19:41,Tunisia,2018-04-10 13:41,Jon Lam,,Active,Active
bed25033-f73c-e811-813c-480fcfea5041,LOt1Ao8SakWjEW8h+53YBIDBk3KV9BRZGL4uT79TNq8MZvYF7iI0s/V2GH1/9rGpennh/2dAntZ5BIoIVXYRgg==,2018-04-10 19:41,Turkey,2018-04-10 13:41,Jon Lam,,Active,Active
c0d25033-f73c-e811-813c-480fcfea5041,SPaP/oWFDJK8eIQWvHQve96kdW041y/daeJ7D58jAEFSW0DdlrW/HsY0HjkbAO9U4WGawokDP+IzQaM8Bgxb1w==,2018-04-10 19:41,Uganda,2018-04-10 13:41,Jon Lam,,Active,Active
c2d25033-f73c-e811-813c-480fcfea5041,aYbHoxL0WUAtJdj++2fFx0yF0J2MW8oiOXD1jsW6jIoLlIVHPJuQ/rtHD76r9cMVjNlqv7Ffi2sQYz060RCZgw==,2018-04-10 19:41,Ukraine,2018-04-10 13:41,Jon Lam,,Active,Active
c4d25033-f73c-e811-813c-480fcfea5041,+p12lo9nZnilx58OM04+ZrLvA34cgjtMZ/74NEKkmGMWhi6b7vAlXyFJSnHmPkWRTueptOZaGoA0b5KfVKU10w==,2018-04-10 19:41,United Arab Emirates,2018-04-10 13:41,Jon Lam,,Active,Active
c6d25033-f73c-e811-813c-480fcfea5041,jOl3VLk9pl8hr8JbzhE0igT/LPjG6V+xRVRn11GBvamrDt+UV+6396x41h928FhEpb1rk5yFggnXaX657r1z+A==,2019-07-12 15:48,United Kingdom of Great Britain,2018-04-10 13:41,Jon Lam,,Active,Active
ec60622b-d8a5-e611-80bb-00155d64ab22,6rrj9uJGyW4SA7SQ/ge7uCS5fA+CuAgX43cmEnhiLseNmJE32x8uNELFEnqKdq1eI+pvIlGi96QWTsgumH7Tvw==,2019-07-12 15:47,United States of America,2017-09-14 14:07,Jon Lam,,Active,Active
ccd25033-f73c-e811-813c-480fcfea5041,3uzo3jnpWkiNmlyQmEHWjn2/HnrAxYCO2iX6Cx9p+fYVx3zvAQZuMcr3RNQpzp1LK2Q0+p9x50ojSJN8UYlEFQ==,2018-04-10 19:41,Uruguay,2018-04-10 13:41,Jon Lam,,Active,Active
ced25033-f73c-e811-813c-480fcfea5041,s7dWyPdynoduEQphRVflhZb+z11lqz5L2iH8XBOlFHbQ43XgT8lgSJTsQ0Dg0n245gLWroh03UGI74/zgvh+ow==,2018-04-10 19:41,USA,2018-04-10 13:41,Jon Lam,,Active,Active
d0d25033-f73c-e811-813c-480fcfea5041,pwdqmN+TFWCd2jAFu+PYh5CrZgFYz+cEmsmdVJOsobg0hrULKtaDVgwCxa2iJOmcvZHJNCmAMQ1PKYoQ6hgtMg==,2018-04-10 19:41,Uzbekistan,2018-04-10 13:41,Jon Lam,,Active,Active
d2d25033-f73c-e811-813c-480fcfea5041,xDbHSrcqOU9PGNidSPrcPOMSVI+6TUC0f5KtsDJlDsGFlsDO40nqhYFfaBoenQaFb1Fn65fzYwXV3js8k61Rqw==,2018-04-10 19:41,Vanuatu,2018-04-10 13:41,Jon Lam,,Active,Active
d4d25033-f73c-e811-813c-480fcfea5041,qFzq7c3VaNdIHhg0ZwmzNTH0SHm8t7XXHoQ7Tjiv5cLGx2afEW/CwnXHkVER1W5i+EbBrLYMrqNyFbtE9hC2SA==,2018-04-10 19:41,Vatican City State (Holy See),2018-04-10 13:41,Jon Lam,,Active,Active
d6d25033-f73c-e811-813c-480fcfea5041,0WOxwVVisAL95hnZ9hE5Rrk/dC7O/f/mwwgG5VTKW4eEJ5/LZmXKcGk0pNiCbMRXcxP4ka+YR077VjB5qs0uJg==,2018-04-10 19:41,Venezuela,2018-04-10 13:41,Jon Lam,,Active,Active
d8d25033-f73c-e811-813c-480fcfea5041,8WTK2cUTSM3f3u08xKu5ZcCA9SersP2b0nRVOIHVtv7RsCkANUm7B0wfUXXCMhn/id+ElQmb05y64qExygYz3A==,2018-04-10 19:41,Viet Nam,2018-04-10 13:41,Jon Lam,,Active,Active
dad25033-f73c-e811-813c-480fcfea5041,w5wS6zzyTTnlTthCWNeVbdRu22WWffZ/U626MR1iBePs4z9B98QPSDVsUU8H4w6X/LGil9+LJ4XTqLQWpi25fQ==,2018-04-10 19:41,Virgin Islands (U.S.),2018-04-10 13:41,Jon Lam,,Active,Active
dcd25033-f73c-e811-813c-480fcfea5041,u8LUFVPhZ/AbzM8MVdGaZ9kuNkDoBNtGyPh4lqO2nBreWyM1xg9nDQ6PsDfr+h9a4O56+97vslDjEqy4Jeh6gw==,2018-04-10 19:41,Yugoslavia,2018-04-10 13:41,Jon Lam,,Active,Active
ded25033-f73c-e811-813c-480fcfea5041,z99RK9QalwHbYAeq9+DubcxHEuBQ6Vy36PkfjYNCcjfPz8npz4xrs19Z77JUYKLFFewUItGeLsdjOCkpt05W2g==,2018-04-10 19:41,Zambia,2018-04-10 13:41,Jon Lam,,Active,Active
e0d25033-f73c-e811-813c-480fcfea5041,gitmfxIXLn3UwB5ALKUGkruOCKtkrD1x11ING5rABec04N9lr6g+9f+liua/fUAbpqMI+DFbTkClW7R0KBW3ww==,2018-04-10 19:41,Zimbabwe,2018-04-10 13:41,Jon Lam,,Active,Active
